"Txhash","Blockno","UnixTimestamp","DateTime","From","To","ContractAddress","Value_IN(ETH)","Value_OUT(ETH)","CurrentValue @ $2792.79/Eth","TxnFee(ETH)","TxnFee(USD)","Historical $Price/Eth","Status","ErrCode","Method"
"0x431c16baf321e9185838c7c31e0923c92328f8d288abf2bd8f32ce4ccb0b872d","14119207","1643705788","2022-02-01 08:56:28","0x849bf0f2f0d2630b66f1f94ca03a861f4d56c274","0x709bbddd3338fda95634051a74e048e7271fa5c5","","0","50","139639.5","0.002121346913952","5.92447644781601","2790.15","","","Transfer",""
"0xe1849128aee5b196fad51151c7b3493d983666d3e4f1784607fbb64d99112f07","14123231","1643759502","2022-02-01 23:51:42","0x849bf0f2f0d2630b66f1f94ca03a861f4d56c274","0x7be8076f4ea4a4ad08075c2508e481d6c946d12b","","0","0.127","354.68433","0.114450295216025088","319.635639976363","2790.15","","","Atomic Match_",""
"0x6c1ec09fddeed7bbf532c961e51deedab0570aa7885432774bd320e72874e7ca","14125037","1643783604","2022-02-02 06:33:24","0x849bf0f2f0d2630b66f1f94ca03a861f4d56c274","0x92b1cfed0375a8bce52fbe938a4e4c8e83979981","","0","0","0","0.00995418608525145","27.7999513570294","2681.11","","","Safe Transfer From",""
"0x9fea9e5796eed9f36b8b4e92b3c195beed6a06ac2c3abdc0f2393dff2c8874b6","14127981","1643823114","2022-02-02 17:31:54","0xe2b5942e014215eb42ecd00d5779a039418cf51f","0x849bf0f2f0d2630b66f1f94ca03a861f4d56c274","","1.6","0","4468.464","0.008954680407015","25.0085418939074","2681.11","","","Transfer",""
"0x8850b5fa34b1446e6e31bd214773fc4f24840bdfb42edb2ac47edfc1c9d1b9c7","14128014","1643823485","2022-02-02 17:38:05","0x849bf0f2f0d2630b66f1f94ca03a861f4d56c274","0x14e0a1f310e2b7e321c91f58847e98b8c802f6ef","","0","0.4","1117.116","0.053610924839625692","149.724054782858","2681.11","","","Mint NFT",""
"0xc25a2244f9d9e03983955a72b8679e92c19f7d34b9e95db31f392673dd155bd5","14128182","1643825760","2022-02-02 18:16:00","0x849bf0f2f0d2630b66f1f94ca03a861f4d56c274","0xc02aaa39b223fe8d0a0e5c4f27ead9083c756cc2","","0","0","0","0.008933094331952716","24.9482565193342","2681.11","","","Approve",""
"0xe8d266350f91bc7dc4ab3545c55f50ec34fc9fc7e7f8c460dd0efcf9aed8ee91","14128184","1643825790","2022-02-02 18:16:30","0x849bf0f2f0d2630b66f1f94ca03a861f4d56c274","0x7be8076f4ea4a4ad08075c2508e481d6c946d12b","","0","0","0","0.042898192288896892","119.805642442508","2681.11","","","Atomic Match_",""
"0x95b4b10c87b5af7e6cba1bc4e847f8262ad495d78d25c39cba1e7da7fa1fe002","14128192","1643825918","2022-02-02 18:18:38","0x849bf0f2f0d2630b66f1f94ca03a861f4d56c274","0xc02aaa39b223fe8d0a0e5c4f27ead9083c756cc2","","0","0","0","0.005139868157334592","14.3545723911225","2681.11","","","Withdraw",""
"0xb492a74497f02cb432aa7571b409d4e3a32f8eeb57b9458edcf59327f90ff4fd","14128671","1643832225","2022-02-02 20:03:45","0x849bf0f2f0d2630b66f1f94ca03a861f4d56c274","0x7be8076f4ea4a4ad08075c2508e481d6c946d12b","","0","0","0","0.04870124904984444","136.012361333915","2681.11","","","Atomic Match_",""
"0x67426416f8cdbee12ec88f98ec649aea504b286e02580124d9be770903eae2f5","14128675","1643832265","2022-02-02 20:04:25","0x849bf0f2f0d2630b66f1f94ca03a861f4d56c274","0xc02aaa39b223fe8d0a0e5c4f27ead9083c756cc2","","0","0","0","0.004723082240010704","13.1905768490795","2681.11","","","Withdraw",""
"0xc63b9ee2761aa0005d4cd01fefedca3642fd68d689e7b41a33d437f77ba7226a","14134627","1643912477","2022-02-03 18:21:17","0x849bf0f2f0d2630b66f1f94ca03a861f4d56c274","0x4008ceb985456a8571c0e7a281c3536a548fee85","","0","0","0","0.011117503446231637","31.0488524496013","2697.18","","","Transfer From",""
"0x8ed9c1fecafc72392523d490dce84d90784753d4993041ce7cf1ecb50286569f","14135069","1643918443","2022-02-03 20:00:43","0x849bf0f2f0d2630b66f1f94ca03a861f4d56c274","0x47e312d99c09ce61a866c83cbbbbed5a4b9d33e7","","0","0.025","69.81975","0.209853792782149372","586.077573944059","2697.18","","","Purchase",""
"0x55790394ad4856b86507e015b110e58463680f59a83fb5b44336017b876d755d","14135071","1643918457","2022-02-03 20:00:57","0x849bf0f2f0d2630b66f1f94ca03a861f4d56c274","0x47e312d99c09ce61a866c83cbbbbed5a4b9d33e7","","0","0.025","69.81975","0.2212599257339956","617.932507990646","2697.18","","","Purchase",""
"0x9eb7bb7eae3b167f5f2889740c11cb47ca8afb9abef3dfce5fe5b32066862828","14135773","1643927984","2022-02-03 22:39:44","0x849bf0f2f0d2630b66f1f94ca03a861f4d56c274","0xa7d8d9ef8d8ce8992df33d8b8cf4aebabd5bd270","","0","0","0","0.004520026441829912","12.6234846464782","2697.18","","","Set Approval For All",""
"0xf3c650283067f39a6f816b33bd791613a32c5529d1a536a791c4b5ed8a094958","14141047","1643998173","2022-02-04 18:09:33","0xdad5eba92ad2bc791994ff0c9f4facfc6427354e","0x849bf0f2f0d2630b66f1f94ca03a861f4d56c274","","7","0","19549.53","0.004076934100974","11.3860207878592","2997.18","","","Transfer",""
"0x2b9a1f8cb2c3d2a36cdd58658170e3c9eeeb00aa8e6be74a66cfda7fba92b1ae","14144905","1644049507","2022-02-05 08:25:07","0x849bf0f2f0d2630b66f1f94ca03a861f4d56c274","0x9e67be385ce0aba7f65f7b8b95a5a3fea7e26498","","0","20","55855.8","0.001297146225753","3.62265700782072","3015.26","","","Transfer",""
"0xdaa960c8984c60d188915a2a1a37d4174aaa1355a7436bfae9a478f16c7a3b27","14144923","1644049737","2022-02-05 08:28:57","0x9e67be385ce0aba7f65f7b8b95a5a3fea7e26498","0x849bf0f2f0d2630b66f1f94ca03a861f4d56c274","","5.5","0","15360.345","0.001176187021443","3.2848433516158","3015.26","","","Transfer",""
"0x2a1f670116999ea0990663877c3e4d920e2fd23ba5dfd07a792010db2ff95752","14144957","1644050263","2022-02-05 08:37:43","0x849bf0f2f0d2630b66f1f94ca03a861f4d56c274","0x30d0fdfe52dbc07884a6a53f0d78e7a2defc4f72","","0","2.4","6702.696","0.001440463241763","4.02291133696329","3015.26","","","Transfer",""
"0x26191911a89e5544299d87f3f3d5d7a9716c95845b5068472735b7d8ae5db20e","14144959","1644050299","2022-02-05 08:38:19","0x849bf0f2f0d2630b66f1f94ca03a861f4d56c274","0xddd5e5d58fbe3a0573bc88c0fffe15a0ed8a632c","","0","2.4","6702.696","0.001495514576451","4.17665815396659","3015.26","","","Transfer",""
"0x6c0ad91fcf8e39585784c366fbb0bd61352ac7e58486e7c5ee794a08b0bd6472","14144960","1644050316","2022-02-05 08:38:36","0x849bf0f2f0d2630b66f1f94ca03a861f4d56c274","0x6bf85b4100129f26f52ec8846956f4e0f7917b7f","","0","3.1","8657.649","0.001478192770803","4.12828198837091","3015.26","","","Transfer",""
"0x5b81c1981b4b47bdfc4f2decebcb88abb44c796982d73da566093a650d0d00c8","14154457","1644176612","2022-02-06 19:43:32","0x849bf0f2f0d2630b66f1f94ca03a861f4d56c274","0x87e738a3d5e5345d6212d8982205a564289e6324","","0","0","0","0.004805608503719682","13.4210553731033","3057.68","","","Set Approval For All",""
"0x9a25f8da80161b348c9fa59e167ae2c05186e0fff19f8b5b7f9fde7c71667d7e","14154746","1644180336","2022-02-06 20:45:36","0x849bf0f2f0d2630b66f1f94ca03a861f4d56c274","0x966731dfd9b9925dd105ff465687f5aa8f54ee9f","","0","0","0","0.004769235101540997","13.3194720992327","3057.68","","","Set Approval For All",""
"0x50002604ea7a194a58479ccf41686c569e325243e0667ae94af6146ed3f8e281","14154877","1644182188","2022-02-06 21:16:28","0x849bf0f2f0d2630b66f1f94ca03a861f4d56c274","0x7be8076f4ea4a4ad08075c2508e481d6c946d12b","","0","0.085","237.38715","0.0196286654297037","54.8187405254222","3057.68","","","Atomic Match_",""
"0x601f9315afa209ef0932e242d90632d4c8c147abaf57309032dc0407372cd158","14154889","1644182316","2022-02-06 21:18:36","0x849bf0f2f0d2630b66f1f94ca03a861f4d56c274","0x7be8076f4ea4a4ad08075c2508e481d6c946d12b","","0","0.08","223.4232","0.020480572959820192","57.1979393564562","3057.68","","","Atomic Match_",""
"0x59457c135bcf62112af9308fe2a117b667980f95b235ab4210283410e1375cc8","14154895","1644182420","2022-02-06 21:20:20","0x849bf0f2f0d2630b66f1f94ca03a861f4d56c274","0x7be8076f4ea4a4ad08075c2508e481d6c946d12b","","0","0.079","220.63041","0.022629615079949784","63.199762699133","3057.68","","","Atomic Match_",""
"0x685c72d2af7c58788037b453c8271e324d04ee09fdd6dfe6a9274fcdf839d2c9","14155117","1644185424","2022-02-06 22:10:24","0x849bf0f2f0d2630b66f1f94ca03a861f4d56c274","0x7be8076f4ea4a4ad08075c2508e481d6c946d12b","","0","0","0","0.00612630053372761","17.1094708675891","3057.68","","","Cancel Order_",""
"0xe9e0da7b86f7f446ecb3feffc94756a0ad055f706eceaf060ca50b0060435c42","14155119","1644185506","2022-02-06 22:11:46","0x849bf0f2f0d2630b66f1f94ca03a861f4d56c274","0x7be8076f4ea4a4ad08075c2508e481d6c946d12b","","0","0","0","0.007722023219577666","21.5659892274043","3057.68","","","Cancel Order_",""
"0x651d673af1908cf73c496d236128664e7b3746e360fe3225ca6a2db21d10abf7","14155285","1644187630","2022-02-06 22:47:10","0x849bf0f2f0d2630b66f1f94ca03a861f4d56c274","0x6db18d2e768dcf2606f7eb9a87d6b76874404a56","","0","0.2","558.558","0.02186734903791074","61.0709137195867","3057.68","","","Mint Public",""
"0x55ee75ea93e3cc141ae41ea2c99ea306a5634f09c5c6f2cd7844bea2b00fd686","14155290","1644187692","2022-02-06 22:48:12","0x849bf0f2f0d2630b66f1f94ca03a861f4d56c274","0x6db18d2e768dcf2606f7eb9a87d6b76874404a56","","0","0.2","558.558","0.01794924901859848","50.1284831666516","3057.68","","","Mint Public",""
"0x62e713c1214fb62b959a464309d13439988bcc1644724f3f463ef79460965c79","14155335","1644188271","2022-02-06 22:57:51","0x849bf0f2f0d2630b66f1f94ca03a861f4d56c274","0xa1fb685c312c8f83825a07e79a4e2dd4e24476dd","","0","0","0","0.003676019379296378","10.2663501623051","3057.68","","","Set Approval For All",""
"0x315a7e36afb4e02080fa9f1d1e51a1b95bd30b447334e9b0a0769022490976f2","14155494","1644190245","2022-02-06 23:30:45","0x849bf0f2f0d2630b66f1f94ca03a861f4d56c274","0x50b45ebed0d68f4483932923e08808b3e98dabaa","","0","0.2","558.558","0.019361694457346534","54.0731466635328","3057.68","","","Mint",""
"0x34238ec25cf54e47cef692e9f121ce82b2f5d2dae9adce93a5ccaec14d18b9fa","14155507","1644190486","2022-02-06 23:34:46","0x849bf0f2f0d2630b66f1f94ca03a861f4d56c274","0x50b45ebed0d68f4483932923e08808b3e98dabaa","","0","0.2","558.558","0.018741203994281967","52.3402471031907","3057.68","","","Mint",""
"0x2afe6838b66e3931c1091fbeae5aa5769ecb5ab3566a99528920dc2d44a5ec63","14155720","1644193409","2022-02-07 00:23:29","0x849bf0f2f0d2630b66f1f94ca03a861f4d56c274","0x50b45ebed0d68f4483932923e08808b3e98dabaa","","0","0","0","0.003798301351391922","10.6078580311538","3141.38","","","Set Approval For All",""
"0x0123c52e334c0adc971f4a4ff0bd156044a514bea8dec71bf6888b53789387d4","14155750","1644193722","2022-02-07 00:28:42","0x849bf0f2f0d2630b66f1f94ca03a861f4d56c274","0x7be8076f4ea4a4ad08075c2508e481d6c946d12b","","0","0.048","134.05392","0.008798541881153616","24.572479780267","3141.38","Error(0)","Reverted","Atomic Match_",""
"0xfc9eb403fd6f850790f2b6d577852c2facbc1e552da2c88af8d478e8bb39dcd3","14159749","1644247779","2022-02-07 15:29:39","0x849bf0f2f0d2630b66f1f94ca03a861f4d56c274","0xda22422592ee3623c8d3c40fe0059cdecf30ca79","","0","0","0","0.017480975898129302","48.8206946785365","3141.38","","","Message",""
"0x5a1710e065b71060da31b633b1a8909ecb84112605c907be428cb3bd055dd426","14160429","1644256760","2022-02-07 17:59:20","0x6025bfadb97ae4411d67b5fa8d1fc97c9602ed2c","0x849bf0f2f0d2630b66f1f94ca03a861f4d56c274","","0.337900290238200538","0","943.684551574344","0.002422924219107","6.76671852987984","3141.38","","","Transfer",""
"0xfd06bdfa854ba64416cd3355facf01c177e70f86cdd0cf5870726184aebf3cd6","14160438","1644256888","2022-02-07 18:01:28","0x849bf0f2f0d2630b66f1f94ca03a861f4d56c274","0x32973908faee0bf825a343000fe412ebe56f802a","","0","6","16756.74","0.028837834910776683","80.538016960468","3141.38","","","Auction",""
"0xe25a5a9540fa3ae8253f683da3ee07073a8fffe021269060671eb53939a2740a","14162382","1644282225","2022-02-08 01:03:45","0x63171dce75ef8db68a903349dde1d49eaeb1288b","0x849bf0f2f0d2630b66f1f94ca03a861f4d56c274","","5","0","13963.95","0.002318079587208","6.47390949035863","3118.76","","","Transfer",""
"0x8ad6cf9978550dc54d9b9ae7ce0191c944cb9969a8b4c6aeee2e0792b85ea6e5","14162382","1644282225","2022-02-08 01:03:45","0x30d0fdfe52dbc07884a6a53f0d78e7a2defc4f72","0x849bf0f2f0d2630b66f1f94ca03a861f4d56c274","","4","0","11171.16","0.002318079587208","6.47390949035863","3118.76","","","Transfer",""
"0xd09440fb09fd4b97f0ae050e6ba5473729dec648660fa968800f359108df994b","14162418","1644282737","2022-02-08 01:12:17","0x849bf0f2f0d2630b66f1f94ca03a861f4d56c274","0xaf615b61448691fc3e4c61ae4f015d6e77b6cca8","","0","0","0","0.004499130295181368","12.5651260970796","3118.76","","","Set Approval For All",""
"0x247261f23dc0c74d3ced0ff583f40341f1f65c8b29ae5e8ea24d251b2477f2e5","14167352","1644349285","2022-02-08 19:41:25","0x849bf0f2f0d2630b66f1f94ca03a861f4d56c274","0x15d4c048f83bd7e37d49ea4c83a07267ec4203da","","0","0","0","0.004261225850661021","11.9007089434676","3118.76","","","Approve",""
"0x6c73711efe28a53dba2d23bc95e94207ab677344c1d99bcc612830f0f7cab55f","14167362","1644349414","2022-02-08 19:43:34","0x849bf0f2f0d2630b66f1f94ca03a861f4d56c274","0x54231a5960b2872af26bb6d386ecf6fbb74d85c9","","0","0.0888","247.999752","0.009792975593009154","27.3497243064","3118.76","","","Mint",""
"0x6c5bd15aa09cb38df1e93ddfafd9226c9432a2cd15a2136fe73f8356555d27e9","14167363","1644349420","2022-02-08 19:43:40","0x849bf0f2f0d2630b66f1f94ca03a861f4d56c274","0xff063937523c4514179a4d9a6769694baab357a8","","0","0.7104","1983.998016","0.027946456241017776","78.048583525352","3118.76","","","Mint",""
"0x8f1453f1c7218a149e98c44d33d2b31c6e1022f9ec1516180e8b18c3607abaa5","14167366","1644349461","2022-02-08 19:44:21","0x849bf0f2f0d2630b66f1f94ca03a861f4d56c274","0x665a297b7412e0d08af37fb7492dd0e7c438eeca","","0","0.0888","247.999752","0.010863014492896414","30.3381182456162","3118.76","","","Mint",""
"0xb35b4f06f11af2ee278ae9add37166afc184b0e51953132b192a8642aae8d9c9","14167366","1644349461","2022-02-08 19:44:21","0x849bf0f2f0d2630b66f1f94ca03a861f4d56c274","0xc2a0a6d2841338eb09164ae2536221daeb041fdb","","0","0.0888","247.999752","0.010864968588791954","30.3435756250923","3118.76","","","Mint",""
"0x9165de52c3ad7878b5617c7a8e2adb6ffb23c11b49e6565e00dbf3a6bba37ddf","14168278","1644361267","2022-02-08 23:01:07","0x849bf0f2f0d2630b66f1f94ca03a861f4d56c274","0x63d48ed3f50aba950c17e37ca03356ccd6b6a280","","0","0","0","0.05353426935652377","149.509972116206","3118.76","","","Mint",""
"0xad6fbc63d2fde6757978f6be03576170e207af5a41757a5fef78c26a535b31f5","14173040","1644425179","2022-02-09 16:46:19","0x849bf0f2f0d2630b66f1f94ca03a861f4d56c274","0x9e67be385ce0aba7f65f7b8b95a5a3fea7e26498","","0","0.2","558.558","0.002459265585231","6.86821233377728","3246.72","","","Transfer",""
"0x2f56b26263504f78b96a6a0e12f8073b16bf9c2a7d22af3f5d1cd9821a0729cf","14173040","1644425179","2022-02-09 16:46:19","0x849bf0f2f0d2630b66f1f94ca03a861f4d56c274","0x63171dce75ef8db68a903349dde1d49eaeb1288b","","0","0.2","558.558","0.002459265585231","6.86821233377728","3246.72","","","Transfer",""
"0x405f19ee34e868f1bc9d0c3bf46de962194f8344815ff27b29624977bad1baad","14173042","1644425209","2022-02-09 16:46:49","0x849bf0f2f0d2630b66f1f94ca03a861f4d56c274","0x1e00f17e3502381fde478dff4e2b996913972a38","","0","0.2","558.558","0.002686336716462","7.50237431836791","3246.72","","","Transfer",""
"0x0681c4b513591a1adf12eb819351e7141886df7dbdaf105983e1285d24a6e6b1","14173042","1644425209","2022-02-09 16:46:49","0x849bf0f2f0d2630b66f1f94ca03a861f4d56c274","0x1e00f17e3502381fde478dff4e2b996913972a38","","0","0.2","558.558","0.002686336716462","7.50237431836791","3246.72","","","Transfer",""
"0x62d96e836a4c021ac2866b3623819adf20e72eec1f74bfb68f6004601890c783","14173042","1644425209","2022-02-09 16:46:49","0x849bf0f2f0d2630b66f1f94ca03a861f4d56c274","0xddd5e5d58fbe3a0573bc88c0fffe15a0ed8a632c","","0","0.2","558.558","0.002686336716462","7.50237431836791","3246.72","","","Transfer",""
"0x8475fc66491c7a37c54ab2095983d92a5854f29a269cf8aa87d2ac576556dc3e","14173042","1644425209","2022-02-09 16:46:49","0x849bf0f2f0d2630b66f1f94ca03a861f4d56c274","0x6bf85b4100129f26f52ec8846956f4e0f7917b7f","","0","0.5","1396.395","0.002686336716462","7.50237431836791","3246.72","","","Transfer",""
"0x4b5444e06b148396a85deb904b507135a9575ec621751cd8e00d432d5a3c557a","14173043","1644425213","2022-02-09 16:46:53","0x849bf0f2f0d2630b66f1f94ca03a861f4d56c274","0x71f573079f2a215a13e6e0d1e76de9dae60b0b64","","0","0.5","1396.395","0.002507693223189","7.00346055679001","3246.72","","","Transfer",""
"0xcb09be1292b68c117e62250ba73f4fbcc40f2da54ae81bc2f621fa0d06a91f29","14173044","1644425231","2022-02-09 16:47:11","0x849bf0f2f0d2630b66f1f94ca03a861f4d56c274","0x47a40e65a286a27abe5ca80b90b9b2f3f26cdda4","","0","0.2","558.558","0.002685203354316","7.49920907590018","3246.72","","","Transfer",""
"0x1bb4f99336c354f97aa353f55308ebb155b33517643f1bc879f2882d8f85405a","14173046","1644425258","2022-02-09 16:47:38","0x849bf0f2f0d2630b66f1f94ca03a861f4d56c274","0xc742ab89787d4d752b3efd365fca57aa605890cb","","0","0.7","1954.953","0.002353937939619","6.57405433838855","3246.72","","","Transfer",""
"0xae46aafaa39f7a8a67d1c941427cf0e2ff12316533c67d13dbec7ee6d88f8b63","14173047","1644425261","2022-02-09 16:47:41","0x849bf0f2f0d2630b66f1f94ca03a861f4d56c274","0x239121bf6583ca64150b28f22b0c416bbd1f5798","","0","0.7","1954.953","0.002377086399093","6.63870312452294","3246.72","","","Transfer",""
"0xe145cb587ac5ad0f9d6a22bd520179a84c2b13567dd92a5ca113bda35e2ac276","14173048","1644425275","2022-02-09 16:47:55","0x849bf0f2f0d2630b66f1f94ca03a861f4d56c274","0x849bf0f2f0d2630b66f1f94ca03a861f4d56c274","","0.7","0.7","1954.953","0.002396429583324","6.69272457601143","3246.72","","","Transfer",""
"0x5948dea110ebcd69c921529c256ca3912eb419c77505b9492c0c37a9d478544a","14173050","1644425284","2022-02-09 16:48:04","0x849bf0f2f0d2630b66f1f94ca03a861f4d56c274","0xc24f22149f354de4b54403d10a60a280cf92c732","","0","0.7","1954.953","0.002129001122493","5.94585304488723","3246.72","","","Transfer",""
"0x880ad55c020351b1feb78cd138d6415c219b653ee0d4f5c7f60d058a9ea23d4e","14173052","1644425296","2022-02-09 16:48:16","0x849bf0f2f0d2630b66f1f94ca03a861f4d56c274","0xe0288cfd1206c984c9c1853f8da6e189134df10c","","0","0.9","2513.511","0.002047525499901","5.71830874086851","3246.72","","","Transfer",""
"0xde411b32b5475b22434412b8943e7384e89f5a5f210334c56424b1040ae0dfcd","14173052","1644425296","2022-02-09 16:48:16","0x849bf0f2f0d2630b66f1f94ca03a861f4d56c274","0xb4e26497ef1dd9baddf080da4b00de3d378ebe72","","0","0.7","1954.953","0.002047525499901","5.71830874086851","3246.72","","","Transfer",""
"0x8da99d5a232a10358f1a3065e9d75fec0f8ad4ec772b3a1c304420f9690dec0e","14173053","1644425319","2022-02-09 16:48:39","0x849bf0f2f0d2630b66f1f94ca03a861f4d56c274","0xd146c3add7c0d7e3d38291abff35a54e2691150e","","0","0.7","1954.953","0.002299250207058","6.42132298576951","3246.72","","","Transfer",""
"0xb69f1efba17c5d078a7b33939badddd34d38d4c50e7cfec469c9bfd012c37ece","14174500","1644444873","2022-02-09 22:14:33","0x849bf0f2f0d2630b66f1f94ca03a861f4d56c274","0x7be8076f4ea4a4ad08075c2508e481d6c946d12b","","0","1.11","3099.9969","0.03471676895252944","96.9566451629347","3246.72","","","Atomic Match_",""
"0xc144d8e33cb1cb6310028be0bcbf68e7829e27347a6299007cc6dc2985826704","14179604","1644513528","2022-02-10 17:18:48","0xd146c3add7c0d7e3d38291abff35a54e2691150e","0x849bf0f2f0d2630b66f1f94ca03a861f4d56c274","","0.986389417125055","0","2754.77850025268","0.007100163355509","19.829265217632","3074.84","","","Transfer",""
"0xc2c8d86c35add6e995af9854de91523afbb939aca03d6f7915d0911018f445e5","14179605","1644513561","2022-02-10 17:19:21","0xb4e26497ef1dd9baddf080da4b00de3d378ebe72","0x849bf0f2f0d2630b66f1f94ca03a861f4d56c274","","1.491979463013552","0","4166.78532450962","0.007982823768528","22.2943503925073","3074.84","","","Transfer",""
"0xab01ab69557fd92c658acd665a51914904c3d68619c8775adec581c08d54a157","14212002","1644945292","2022-02-15 17:14:52","0x849bf0f2f0d2630b66f1f94ca03a861f4d56c274","0xed20be8fd0addbc4af850a3309893b3b499f802a","","0","0.1","279.279","0.004709959162339158","13.1539268489892","3185.81","Error(0)","Reverted","Mint",""
"0x35a1c4d2a50193d72e6510aa6418c8d3f970915c925bc0fcc38776e667630b23","14212002","1644945292","2022-02-15 17:14:52","0x849bf0f2f0d2630b66f1f94ca03a861f4d56c274","0xed20be8fd0addbc4af850a3309893b3b499f802a","","0","0.1","279.279","0.004709959162339158","13.1539268489892","3185.81","Error(0)","Reverted","Mint",""
"0x126d1706ec7f5c46a27a86f6d4ae1a91f7457807cc7a3812f9602b28603c11c4","14220130","1645054352","2022-02-16 23:32:32","0x849bf0f2f0d2630b66f1f94ca03a861f4d56c274","0xb156adf8523fdc6152affdba076a2143fd7e3c69","","0","0.0138","38.540502","0.00231482179883664","6.46481117157298","3124.33","Error(0)","Reverted","Mint",""
"0xddd81b4c60b261f1349257670bbc67fb78468fb962c3ac60766c75a7561251f5","14220170","1645054770","2022-02-16 23:39:30","0x849bf0f2f0d2630b66f1f94ca03a861f4d56c274","0x7be8076f4ea4a4ad08075c2508e481d6c946d12b","","0","0.06","167.5674","0.007820394","21.84071815926","3124.33","Error(0)","Reverted","Atomic Match_",""
"0x7fd3b76fb1b578cb701eff1fcdba0e1c30df35ac9b1e2ef514e4a5b329a8e76c","14220175","1645054866","2022-02-16 23:41:06","0x849bf0f2f0d2630b66f1f94ca03a861f4d56c274","0x7be8076f4ea4a4ad08075c2508e481d6c946d12b","","0","0.06","167.5674","0.019287093231139311","53.8648011049936","3124.33","","","Atomic Match_",""
"0xfaa0765708364aa316adc720e17a2e4b302d044bc7c1c7a1ad2cc6b99c36b432","14220184","1645055009","2022-02-16 23:43:29","0x849bf0f2f0d2630b66f1f94ca03a861f4d56c274","0x7be8076f4ea4a4ad08075c2508e481d6c946d12b","","0","0.045","125.67555","0.00597331327896632","16.6822095923643","3124.33","Error(0)","Reverted","Atomic Match_",""
"0xff99d90a55399b9137080151f55d2a43436ed9335f38c8d7ec15c6be975be5ae","14220191","1645055119","2022-02-16 23:45:19","0x849bf0f2f0d2630b66f1f94ca03a861f4d56c274","0x7be8076f4ea4a4ad08075c2508e481d6c946d12b","","0","0.3569696969","996.941399805351","0.037230161064719976","103.976021519939","3124.33","","","Atomic Match_",""
"0x420f09f0c722803043a5633c8d961f109ec00f0c44c078973f1c8acfc8608009","14220196","1645055213","2022-02-16 23:46:53","0x849bf0f2f0d2630b66f1f94ca03a861f4d56c274","0x7be8076f4ea4a4ad08075c2508e481d6c946d12b","","0","0.1","279.279","0.00553847227058922","15.4677899725789","3124.33","Error(0)","Reverted","Atomic Match_",""
"0x3bd8dc077ddf8b0138606a1e3e6f36d9cfa030fbecee3e966a44819aabf4cb05","14220428","1645058157","2022-02-17 00:35:57","0x849bf0f2f0d2630b66f1f94ca03a861f4d56c274","0xffb4bcc28b1b3936f095f382b6fd9b27cfc9e3f9","","0","0.325","907.65675","0.011862991660742871","33.1308444802061","2894.42","","","Mint",""
"0x0571bd3d0be83b1c7a281328dd9541e1129ae6b4c9a0de19f9cc94b842211cfc","14232185","1645215587","2022-02-18 20:19:47","0x849bf0f2f0d2630b66f1f94ca03a861f4d56c274","0x1685133a98e1d4fc1fe8e25b7493d186c37b6b24","","0","0","0","0.005704275247644519","15.9308428688691","2780.72","","","Set Approval For All",""
"0x00276d7902158316a62492d330f701e5a4218221c533610964fd4701d7495511","14232186","1645215598","2022-02-18 20:19:58","0x849bf0f2f0d2630b66f1f94ca03a861f4d56c274","0x83f82414b5065bb9a85e330c67b4a10f798f4ed2","","0","0","0","0.019933136756897173","55.6690650032949","2780.72","","","Claim",""
"0x75508b6ad9370405de29a3ad71e5034f42a3efbf08cb1978c0d625319218e35f","14232223","1645216090","2022-02-18 20:28:10","0x849bf0f2f0d2630b66f1f94ca03a861f4d56c274","0x0c2e57efddba8c768147d1fdf9176a0a6ebd5d83","","0","0","0","0.002854944699259884","7.97326100664601","2780.72","","","Reveal",""
"0x85febb317a0b41c66828b8b5e2f0ccb8b6dc225173ecefef5a23d75b11e144a5","14232322","1645217415","2022-02-18 20:50:15","0x849bf0f2f0d2630b66f1f94ca03a861f4d56c274","0x5079fc4e96338be1b5aff236ff4b00ec4452b2d3","","0","0","0","0.00422303056982612","11.7940375451047","2780.72","","","Safe Transfer From",""
"0xed04c3546bdf34bd086cb557dc895322e1129d21843eb05cb17dc8dd6dc6a3b2","14232375","1645218067","2022-02-18 21:01:07","0x1e00f17e3502381fde478dff4e2b996913972a38","0x849bf0f2f0d2630b66f1f94ca03a861f4d56c274","","2","0","5585.58","0.002700153403899","7.54096142487509","2780.72","","","Transfer",""
"0x5fb283701a02d0d893e200da858ba203a2da6c95b141b1adefff00a0d9e28170","14232905","1645225415","2022-02-18 23:03:35","0x849bf0f2f0d2630b66f1f94ca03a861f4d56c274","0x83f82414b5065bb9a85e330c67b4a10f798f4ed2","","0","0","0","0.0046731974597514","13.0512591336191","2780.72","","","Set Approval For All",""
"0xa55b29176ea3d1bba6be6e9259ff201e874bec4e84d39be4c145cb41d42ff9f7","14239126","1645309256","2022-02-19 22:20:56","0x849bf0f2f0d2630b66f1f94ca03a861f4d56c274","0xe2382b95a2569d15714d67463ff25f7afc3a57a5","","0","1","2792.79","0.001833497176917","5.12057258072203","2764.50","","","Transfer",""
"0x415ec35966febb0185773824100826e2093ac94139553b2d6ae205ab28ca9644","14239550","1645314910","2022-02-19 23:55:10","0x849bf0f2f0d2630b66f1f94ca03a861f4d56c274","0x9bf252f97891b907f002f2887eff9246e3054080","","0","0","0","0.00155537200598924","4.34382738460669","2764.50","","","Set Approval For All",""
"0x7d6bdc69737aca3a4a05cd2de2f65b107bd904b2cd9b1baac6a748150bb5dd03","14239550","1645314910","2022-02-19 23:55:10","0x849bf0f2f0d2630b66f1f94ca03a861f4d56c274","0xed5af388653567af2f388e6224dc7c4b3241c544","","0","0","0","0.001554155671279255","4.34043041719199","2764.50","","","Set Approval For All",""
"0xbc61f5151b1dd62a3749294a08746e79a18762abf793cd534ee24e579ab4f69e","14239550","1645314910","2022-02-19 23:55:10","0x849bf0f2f0d2630b66f1f94ca03a861f4d56c274","0xed5af388653567af2f388e6224dc7c4b3241c544","","0","0","0","0.001553387459883475","4.33828496408797","2764.50","","","Set Approval For All",""
"0x35cfd8a5d96a8bdad540717b6c57a421dd089de57bcfe8f9dced9156b241e269","14239550","1645314910","2022-02-19 23:55:10","0x849bf0f2f0d2630b66f1f94ca03a861f4d56c274","0xa5c0bd78d1667c13bfb403e2a3336871396713c5","","0","0","0","0.001591926064905105","4.44591519480633","2764.50","","","Set Approval For All",""
"0x37378b7889eb3791dfd4f17e17ad75fc05f50b255479e3b62fdf085ce6c76d48","14239585","1645315425","2022-02-20 00:03:45","0x849bf0f2f0d2630b66f1f94ca03a861f4d56c274","0xa7d8d9ef8d8ce8992df33d8b8cf4aebabd5bd270","","0","0","0","0.0015564760732848","4.34691081270906","2622.70","","","Set Approval For All",""
"0x55ad42204e5bd32b70dbdbb8064d6508e5d794d0a86b82c94650c7883f7c04d5","14239585","1645315425","2022-02-20 00:03:45","0x849bf0f2f0d2630b66f1f94ca03a861f4d56c274","0x3c76001c4d31c7f25a10235dda4ecddfe5e719f4","","0","0","0","0.00159783607490106","4.46242061162293","2622.70","","","Set Approval For All",""
"0x9bece5e8c3fadc881adf9b11f1f7d626ec40dcd1623fd013f19c8d16e651ddff","14239585","1645315425","2022-02-20 00:03:45","0x849bf0f2f0d2630b66f1f94ca03a861f4d56c274","0x87e738a3d5e5345d6212d8982205a564289e6324","","0","0","0","0.00156800791174167","4.37911681583302","2622.70","","","Set Approval For All",""
"0x458cbfc4c4f68375d3d7d61182bec03f0c21569239a01b1d2429639a50728f58","14239586","1645315439","2022-02-20 00:03:59","0x849bf0f2f0d2630b66f1f94ca03a861f4d56c274","0x7ecb204fed7e386386cab46a1fcb823ec5067ad5","","0","0","0","0.001636282185528276","4.56979252492151","2622.70","","","Set Approval For All",""
"0xa1d71a6816b6d193ca788932c9ac4e96261d6dc892cceffd723233c4a645b7e5","14239586","1645315439","2022-02-20 00:03:59","0x849bf0f2f0d2630b66f1f94ca03a861f4d56c274","0x4f7e2a72a99d45f4fd5a2fc211f8dc5c36a049bd","","0","0","0","0.001632534923335924","4.55932720854334","2622.70","","","Set Approval For All",""
"0xa544bfb82d5c3f2e9091db26eabb89810f48da9dd41aa70ee6cd738e1c08c0c2","14239586","1645315439","2022-02-20 00:03:59","0x849bf0f2f0d2630b66f1f94ca03a861f4d56c274","0x50b45ebed0d68f4483932923e08808b3e98dabaa","","0","0","0","0.0016293898997102","4.55054381801165","2622.70","","","Set Approval For All",""
"0x887a05f65444ea3f57848907296041c0966d83e88925b13f4904326b4753cc64","14239586","1645315439","2022-02-20 00:03:59","0x849bf0f2f0d2630b66f1f94ca03a861f4d56c274","0x966731dfd9b9925dd105ff465687f5aa8f54ee9f","","0","0","0","0.001628653830350988","4.54848813086594","2622.70","","","Set Approval For All",""
"0xde11ebe70657982c0437d5995c1b4ebce55334f8b9de5bccc74618c35c2c0890","14239586","1645315439","2022-02-20 00:03:59","0x849bf0f2f0d2630b66f1f94ca03a861f4d56c274","0x7e6bc952d4b4bd814853301bee48e99891424de0","","0","0","0","0.001622229952306956","4.53054758850334","2622.70","","","Set Approval For All",""
"0xe77b62cc27139c1509f25109cec92953457c587e3ddd0cc29be81f242dd3d75d","14239586","1645315439","2022-02-20 00:03:59","0x849bf0f2f0d2630b66f1f94ca03a861f4d56c274","0x0c2e57efddba8c768147d1fdf9176a0a6ebd5d83","","0","0","0","0.001640297109305796","4.58100536389813","2622.70","","","Set Approval For All",""
"0x264316fa24e3f58b6c7e89afb63c0d77df8bf14d59ac20c2929be84931241373","14239586","1645315439","2022-02-20 00:03:59","0x849bf0f2f0d2630b66f1f94ca03a861f4d56c274","0x83f82414b5065bb9a85e330c67b4a10f798f4ed2","","0","0","0","0.001635278454583896","4.56698931517736","2622.70","","","Set Approval For All",""
"0xd5a296cfbac751d5cd982f553bcf6df28b2dfa4c56106034b4855fc05701b4fc","14239586","1645315439","2022-02-20 00:03:59","0x849bf0f2f0d2630b66f1f94ca03a861f4d56c274","0xcb1021080b61dac7032618de925a62176cbc8372","","0","0","0","0.001622229952306956","4.53054758850334","2622.70","","","Set Approval For All",""
"0xc1fb5be95106dbb4c09ee61a095d852e5b5f2ceab94d072c16dcea358cac98ee","14239586","1645315439","2022-02-20 00:03:59","0x849bf0f2f0d2630b66f1f94ca03a861f4d56c274","0x6be69b2a9b153737887cfcdca7781ed1511c7e36","","0","0","0","0.001658096604719468","4.63071561669448","2622.70","","","Set Approval For All",""
"0xbe5a414c6a4f33da010477bdfac23d10a1bc61a37d55564a9d1d293c23175cde","14239586","1645315439","2022-02-20 00:03:59","0x849bf0f2f0d2630b66f1f94ca03a861f4d56c274","0xaf615b61448691fc3e4c61ae4f015d6e77b6cca8","","0","0","0","0.001624772737366052","4.53764905318854","2622.70","","","Set Approval For All",""
"0x0b6f466c7346728b0076d02e56b5a15207b359f63e10bb4a5f344c78c146c305","14239586","1645315439","2022-02-20 00:03:59","0x849bf0f2f0d2630b66f1f94ca03a861f4d56c274","0x960b7a6bcd451c9968473f7bbfd9be826efd549a","","0","0","0","0.001656557550604752","4.62641736175344","2622.70","","","Set Approval For All",""
"0xf8368a9b13b99ef8321d9e9129bafc09703837e48da5b3a5d154caaefd9f8ebc","14239587","1645315456","2022-02-20 00:04:16","0x849bf0f2f0d2630b66f1f94ca03a861f4d56c274","0x8ee9a60cb5c0e7db414031856cb9e0f1f05988d1","","0","0","0","0.002198411829066726","6.13970257209926","2622.70","","","Set Approval For All",""
"0x8ea04e23e996dcabfa3723a4ff028ec4da9862fda9c7ef62018aa8793e49f45d","14239587","1645315456","2022-02-20 00:04:16","0x849bf0f2f0d2630b66f1f94ca03a861f4d56c274","0x6f24a2a5ecfffb0610f69929e9aa7fcef441897a","","0","0","0","0.001696765002714639","4.73870833193142","2622.70","","","Set Approval For All",""
"0x2c1b7884b688723709727baeecaeaa0e843307ce7d3c2f1e5f45732e8bee65a4","14239587","1645315456","2022-02-20 00:04:16","0x849bf0f2f0d2630b66f1f94ca03a861f4d56c274","0x66e2eabcf201ebaeafef27bd7fe3e62e9aacd363","","0","0","0","0.001718850519920781","4.80038854352956","2622.70","","","Set Approval For All",""
"0x183bbae18a08390592673edb4df9446964459ffc0348ef4c33d4901c575bd46f","14239589","1645315474","2022-02-20 00:04:34","0x849bf0f2f0d2630b66f1f94ca03a861f4d56c274","0x15d4c048f83bd7e37d49ea4c83a07267ec4203da","","0","0","0","0.001481456370468725","4.13739653688135","2622.70","","","Approve",""
"0x0323315221e33b2a5f25dea2ac11347f0d380469893822682a29d8e78769a602","14239589","1645315474","2022-02-20 00:04:34","0x849bf0f2f0d2630b66f1f94ca03a861f4d56c274","0xc02aaa39b223fe8d0a0e5c4f27ead9083c756cc2","","0","0","0","0.00146653522716904","4.09572491708542","2622.70","","","Approve",""
"0xf97f14dc1755668247539aee84c0e0eb4946077795d352687117cb35091a3507","14239592","1645315490","2022-02-20 00:04:50","0x849bf0f2f0d2630b66f1f94ca03a861f4d56c274","0xc8adfb4d437357d0a656d4e62fd9a6d22e401aa0","","0","0","0","0.001362903826252716","3.80630417692032","2622.70","","","Set Approval For All",""
"0x7be0a621e5f79ff3250a44e5bc1a7d6b556c9b1b8d55497beb6a9f1080de70b0","14239593","1645315500","2022-02-20 00:05:00","0x849bf0f2f0d2630b66f1f94ca03a861f4d56c274","0x1685133a98e1d4fc1fe8e25b7493d186c37b6b24","","0","0","0","0.001339322996044197","3.74044787012227","2622.70","","","Set Approval For All",""
"0x848142e7dc1023ab46a8513e2c4cf582f286d5451d67a38e10aeb7efd335cc88","14239593","1645315500","2022-02-20 00:05:00","0x849bf0f2f0d2630b66f1f94ca03a861f4d56c274","0x79fcdef22feed20eddacbb2587640e45491b757f","","0","0","0","0.001356481893622959","3.78836906769126","2622.70","","","Set Approval For All",""
"0xeb8aba3eb8d6c23c48c4f4fa7595744c0e8e82a0ae407f6a06c6059384784fcf","14239593","1645315500","2022-02-20 00:05:00","0x849bf0f2f0d2630b66f1f94ca03a861f4d56c274","0xa1fb685c312c8f83825a07e79a4e2dd4e24476dd","","0","0","0","0.001354077462115107","3.78165399542045","2622.70","","","Set Approval For All",""
"0x54d770bf8f37825d66563ab1f50004d27e039c1f161b8b9e7bc0f3aab8b4cb1b","14239594","1645315516","2022-02-20 00:05:16","0x849bf0f2f0d2630b66f1f94ca03a861f4d56c274","0xe0c3707acb7ce96345ef4eaebf4029c0138ca685","","0","0","0","0.001381974803141364","3.85956541046517","2622.70","","","Set Approval For All",""
"0xef0430a3d230c3077851220261ab2a639a202c9d2f7313980b68070761802b2e","14244843","1645385819","2022-02-20 19:36:59","0x849bf0f2f0d2630b66f1f94ca03a861f4d56c274","0x83f82414b5065bb9a85e330c67b4a10f798f4ed2","","0","0","0","0.0051231416831775","14.3078588613613","2622.70","","","Set Approval For All",""
"0x40e1acf46211c8a5fb8c2136768a44660ea744850397cdabb133adafd3203e63","14246271","1645404076","2022-02-21 00:41:16","0x849bf0f2f0d2630b66f1f94ca03a861f4d56c274","0x42f0bcae6d26cd364d34417d6d19d620ed5e376e","","0","0.06","167.5674","0.01447543333896103","40.426845474717","2570.15","","","Mint Token",""
"0x9ca9e4d7d18e9903129f8bcb7bf79022172e941db9849ee2eb76d34ef57a15b8","14246520","1645407503","2022-02-21 01:38:23","0x849bf0f2f0d2630b66f1f94ca03a861f4d56c274","0x7be8076f4ea4a4ad08075c2508e481d6c946d12b","","0","0.01","27.9279","0.007255013528951145","20.2617292335195","2570.15","Error(0)","Reverted","Atomic Match_",""
"0xc14273e4a3cf0ea86f2b5056ca272c05dae60f7ae860e5b23cb2bd415e829f11","14246522","1645407524","2022-02-21 01:38:44","0x849bf0f2f0d2630b66f1f94ca03a861f4d56c274","0x7be8076f4ea4a4ad08075c2508e481d6c946d12b","","0","0.01","27.9279","0.007993522969708899","22.3242310145733","2570.15","Error(0)","Reverted","Atomic Match_",""
"0x032c9c5b50e7cb913c2d85d9eba67d45a010ac3e4511c86b7ac644fd55ab8dc3","14246523","1645407556","2022-02-21 01:39:16","0x849bf0f2f0d2630b66f1f94ca03a861f4d56c274","0x7be8076f4ea4a4ad08075c2508e481d6c946d12b","","0","0.01","27.9279","0.028381277413670612","79.2629477481251","2570.15","","","Atomic Match_",""
"0x67484716bbb1daa44079ae5a04f2c00890c6a416e28eab996b558b1bda9a6e7d","14246533","1645407651","2022-02-21 01:40:51","0x849bf0f2f0d2630b66f1f94ca03a861f4d56c274","0x7be8076f4ea4a4ad08075c2508e481d6c946d12b","","0","0.015","41.89185","0.022891443545919869","63.9309946206096","2570.15","","","Atomic Match_",""
"0x43b8ab4008623caa5d1141b319f17a328cf6e22f805313101ff8148025c2319a","14246534","1645407679","2022-02-21 01:41:19","0x849bf0f2f0d2630b66f1f94ca03a861f4d56c274","0x7be8076f4ea4a4ad08075c2508e481d6c946d12b","","0","0.015","41.89185","0.025712905824126668","71.8107462565627","2570.15","","","Atomic Match_",""
"0x060f0e9550366464c8cb0887a174bc732580df253cdd95945eb68255427f1472","14246535","1645407687","2022-02-21 01:41:27","0x849bf0f2f0d2630b66f1f94ca03a861f4d56c274","0x7be8076f4ea4a4ad08075c2508e481d6c946d12b","","0","0.015","41.89185","0.026452055310702515","73.8750355511769","2570.15","","","Atomic Match_",""
"0xff60b100bc0423f9238196879419ee74748b703ba6e255f86cc5bec5ec74ada7","14246537","1645407712","2022-02-21 01:41:52","0x849bf0f2f0d2630b66f1f94ca03a861f4d56c274","0x7be8076f4ea4a4ad08075c2508e481d6c946d12b","","0","0.015","41.89185","0.026041236751303137","72.7277055866719","2570.15","","","Atomic Match_",""
"0xe5dfc01ede2e027366072d3b4e55e9ee60747cb66c56d43460bfec7a3ffc7442","14246542","1645407748","2022-02-21 01:42:28","0x849bf0f2f0d2630b66f1f94ca03a861f4d56c274","0x7be8076f4ea4a4ad08075c2508e481d6c946d12b","","0","0.015","41.89185","0.019554042353817757","54.6103339453187","2570.15","","","Atomic Match_",""
"0x576acf9260bc22cf0b3bd049d65a3258d320ea993253e890fc49a6ab3c465cff","14247964","1645426832","2022-02-21 07:00:32","0x849bf0f2f0d2630b66f1f94ca03a861f4d56c274","0x7509615baf2f9d2ee3274bda6cc1fc444e0488e8","","0","0.28","781.9812","0.014120357921548216","39.4351943997206","2570.15","","","Mint",""
"0xc5dad26f6967563d16ab6f9bee8d5f5f804054dcf9a1a42c04b694476a373217","14248149","1645429620","2022-02-21 07:47:00","0x849bf0f2f0d2630b66f1f94ca03a861f4d56c274","0x7509615baf2f9d2ee3274bda6cc1fc444e0488e8","","0","0.28","781.9812","0.023985351602740304","66.9860501026171","2570.15","","","Mint",""
"0xe7fdf3f3ae25c02d6b113406c51278dcde33f663f8fd8f256b920e9c1b5138c8","14248149","1645429620","2022-02-21 07:47:00","0x849bf0f2f0d2630b66f1f94ca03a861f4d56c274","0x7509615baf2f9d2ee3274bda6cc1fc444e0488e8","","0","0.28","781.9812","0.00438203917584245","12.238115189901","2570.15","Error(0)","Reverted","Mint",""
"0xd5dc9f03e484b5b41aea2892d55b515f8f762aef17fdfde35bbf46d0ba0bd577","14248186","1645430224","2022-02-21 07:57:04","0x849bf0f2f0d2630b66f1f94ca03a861f4d56c274","0xa5c807a62cd6774d6bf518dd2dec0ae17446ad8d","","0","0.6000000000000001","1675.674","0.002086335370415556","5.82669655914286","2570.15","Error(0)","Reverted","Collectedlist Mint",""
"0x5f0023b8c61450624d97c2b3714652c0ac71f5c195b4c8880b2777a20e3c54a9","14248186","1645430224","2022-02-21 07:57:04","0x849bf0f2f0d2630b66f1f94ca03a861f4d56c274","0xa5c807a62cd6774d6bf518dd2dec0ae17446ad8d","","0","0.6000000000000001","1675.674","0.002086335370415556","5.82669655914286","2570.15","Error(0)","Reverted","Collectedlist Mint",""
"0x8dc60dbb174c39764fb077ccea9ec5e7d01bbb21694343acd527644d509932c4","14248186","1645430224","2022-02-21 07:57:04","0x849bf0f2f0d2630b66f1f94ca03a861f4d56c274","0xa5c807a62cd6774d6bf518dd2dec0ae17446ad8d","","0","0.6000000000000001","1675.674","0.002086335370415556","5.82669655914286","2570.15","Error(0)","Reverted","Collectedlist Mint",""
"0xd1384b7805155d4f259432d4cc523a2450f280fb57dd4b70c84cf796a1fcbfc7","14248186","1645430224","2022-02-21 07:57:04","0x849bf0f2f0d2630b66f1f94ca03a861f4d56c274","0xa5c807a62cd6774d6bf518dd2dec0ae17446ad8d","","0","0.6000000000000001","1675.674","0.002086335370415556","5.82669655914286","2570.15","Error(0)","Reverted","Collectedlist Mint",""
"0xd345dd285cfdb7dc63085fcbb88b2d7102dc7d1ce85980d7590000dea53f52d7","14248190","1645430264","2022-02-21 07:57:44","0x849bf0f2f0d2630b66f1f94ca03a861f4d56c274","0xa5c807a62cd6774d6bf518dd2dec0ae17446ad8d","","0","0.2","558.558","0.001920664806898864","5.36401346605908","2570.15","Error(0)","Reverted","Collectedlist Mint",""
"0x7f48c06232cc03d840d28ad50091459425de088584d5c7ca5c82f38ab32c7476","14248202","1645430406","2022-02-21 08:00:06","0x849bf0f2f0d2630b66f1f94ca03a861f4d56c274","0x7f268357a8c2552623316e2562d90e642bb538e5","","0","0.144","402.16176","0.004101479952988272","11.4545721979061","2570.15","Error(0)","Reverted","Atomic Match_",""
"0x9b11fae99c7351d8d4d9afe171cdc8f40d8c7eba007dff988a02cd2d4bd2624b","14248211","1645430518","2022-02-21 08:01:58","0x849bf0f2f0d2630b66f1f94ca03a861f4d56c274","0x7f268357a8c2552623316e2562d90e642bb538e5","","0","1","2792.79","0.004101889430807124","11.4557157834638","2570.15","Error(0)","Reverted","Atomic Match_",""
"0xeeae022788482881f7a7d49418a6443df0d863dc298a0dad018e506dd6186fb6","14248215","1645430562","2022-02-21 08:02:42","0x849bf0f2f0d2630b66f1f94ca03a861f4d56c274","0x7f268357a8c2552623316e2562d90e642bb538e5","","0","0.14","390.9906","0.00961158121710675","26.8431279073236","2570.15","","","Atomic Match_",""
"0x8d0b94aa55de8ba32778e9a4cf05431df2858c11329cf908c92045fb13a921a8","14248221","1645430614","2022-02-21 08:03:34","0x849bf0f2f0d2630b66f1f94ca03a861f4d56c274","0x7f268357a8c2552623316e2562d90e642bb538e5","","0","0.2","558.558","0.024145528","67.43338914312","2570.15","Error(0)","Reverted","Atomic Match_",""
"0x94c4921f40ad31a5ad57c83a2910d434e8101a41316ed31f920da69bf78cc417","14248224","1645430680","2022-02-21 08:04:40","0x849bf0f2f0d2630b66f1f94ca03a861f4d56c274","0x7f268357a8c2552623316e2562d90e642bb538e5","","0","0.15","418.9185","0.024273984","67.79213977536","2570.15","Error(0)","Reverted","Atomic Match_",""
"0xe519af05f876f0209da1381af8d58d0724e4c322ac4311b52b53b0687349bcfd","14248225","1645430750","2022-02-21 08:05:50","0x849bf0f2f0d2630b66f1f94ca03a861f4d56c274","0x7f268357a8c2552623316e2562d90e642bb538e5","","0","0.169","471.98151","0.004997625025876568","13.9573171960178","2570.15","Error(0)","Reverted","Atomic Match_",""
"0xe630f0e5941fe4ad36d9c0424a98daeb7ccf5c02e19d76e35ec91d8c1a51cce4","14248229","1645430776","2022-02-21 08:06:16","0x849bf0f2f0d2630b66f1f94ca03a861f4d56c274","0x7f268357a8c2552623316e2562d90e642bb538e5","","0","0.25","698.1975","0.01198570388915078","33.4735539645814","2570.15","","","Atomic Match_",""
"0x15c62f7f530ec0982db3b801394a348a0b7f1716e2d9869bdcade7b03c073f2e","14248237","1645430878","2022-02-21 08:07:58","0x849bf0f2f0d2630b66f1f94ca03a861f4d56c274","0x7f268357a8c2552623316e2562d90e642bb538e5","","0","0.11","307.2069","0.042531648","118.78196121792","2570.15","","","Atomic Match_",""
"0xc6670f93650b488d1c5597334b9f8938b3a4f4a94a3efbc828a056142fa8eec8","14248248","1645431052","2022-02-21 08:10:52","0x849bf0f2f0d2630b66f1f94ca03a861f4d56c274","0x7f268357a8c2552623316e2562d90e642bb538e5","","0","0.1","279.279","0.040424224","112.89636854496","2570.15","","","Atomic Match_",""
"0x74b0cafe63ff9bbf64251a5068684f7fb4a44757c6a4c00bf94e348eb5b29d85","14248254","1645431148","2022-02-21 08:12:28","0x849bf0f2f0d2630b66f1f94ca03a861f4d56c274","0x7f268357a8c2552623316e2562d90e642bb538e5","","0","0.15","418.9185","0.021270375","59.40369059625","2570.15","","","Atomic Match_",""
"0x601ecc8f96d114ec735283c0ec986048bcc816f960e6c743d1a4379d8dd02ace","14248256","1645431202","2022-02-21 08:13:22","0x849bf0f2f0d2630b66f1f94ca03a861f4d56c274","0x7f268357a8c2552623316e2562d90e642bb538e5","","0","0.11","307.2069","0.013084102408758076","36.5411503661555","2570.15","","","Atomic Match_",""
"0xb32bdd32f8996e55a58f299a7063a6210d97d8f07ecd8a38d512b9d334341800","14248262","1645431247","2022-02-21 08:14:07","0x849bf0f2f0d2630b66f1f94ca03a861f4d56c274","0x7f268357a8c2552623316e2562d90e642bb538e5","","0","0.1","279.279","0.010397631847987125","29.03840224874","2570.15","","","Atomic Match_",""
"0x84c7f47c4ea3c0b50f7f1b9a30faa6de157723480773d7fe65bd12ee027db86f","14248263","1645431271","2022-02-21 08:14:31","0x849bf0f2f0d2630b66f1f94ca03a861f4d56c274","0x7f268357a8c2552623316e2562d90e642bb538e5","","0","0.099","276.48621","0.011522871656980521","32.1809607348986","2570.15","","","Atomic Match_",""
"0x2e74b46b7a00c99e2f1d0227936223a2f239d8fe162e3df4992250cc4152aebe","14251509","1645474276","2022-02-21 20:11:16","0x849bf0f2f0d2630b66f1f94ca03a861f4d56c274","0xda2686fd32c6b74d55605cfb48bef331771e7fc6","","0","0.3","837.837","0.021577649302592532","60.2618431957874","2570.15","","","Mint",""
"0x41e91f3b5cf0186033003ded22e2da9f4c9cbd2ffbac89176a314da6bdf5f2a6","14251564","1645474881","2022-02-21 20:21:21","0x849bf0f2f0d2630b66f1f94ca03a861f4d56c274","0xca7ca7bcc765f77339be2d648ba53ce9c8a262bd","","0","0.1","279.279","0.01240573028924787","34.6465994945086","2570.15","","","Mint",""
"0xe01917ad8a001d12d9cadb3db1f4c158079e4dbf50bbd7decaebdfa4c96cc2f2","14251605","1645475613","2022-02-21 20:33:33","0x849bf0f2f0d2630b66f1f94ca03a861f4d56c274","0xe2b5942e014215eb42ecd00d5779a039418cf51f","","0","0.2","558.558","0.00295028414898","8.23952406842985","2570.15","","","Transfer",""
"0x1d1d37fb6854c76a2ccb9155e0bd1bd5da563de0f047eca110c6175b83e15713","14251605","1645475613","2022-02-21 20:33:33","0x849bf0f2f0d2630b66f1f94ca03a861f4d56c274","0x6025bfadb97ae4411d67b5fa8d1fc97c9602ed2c","","0","0.2","558.558","0.00295028414898","8.23952406842985","2570.15","","","Transfer",""
"0x6460d572e1f51c2e1fe34b7c3b2b0f8c7a5f33c3dcd477c975603af99b54e9e7","14251608","1645475641","2022-02-21 20:34:01","0x849bf0f2f0d2630b66f1f94ca03a861f4d56c274","0xca7ca7bcc765f77339be2d648ba53ce9c8a262bd","","0","0.1","279.279","0.005810610114900801","16.2278138227938","2570.15","Error(0)","Reverted","Mint",""
"0x591bc2efebf960a546dcdbaf47a4d54201ecef8cf3eb44e61c915fdd5ee8a862","14256036","1645535239","2022-02-22 13:07:19","0x849bf0f2f0d2630b66f1f94ca03a861f4d56c274","0x7509615baf2f9d2ee3274bda6cc1fc444e0488e8","","0","0","0","0.002046895554947979","5.71654943690317","2638.81","","","Set Approval For All",""
"0xfd5caf76b4f0bacc567149cd0efb8c66276a25a8e7b6b252c6a033e0f1d3e575","14257446","1645554174","2022-02-22 18:22:54","0x849bf0f2f0d2630b66f1f94ca03a861f4d56c274","0xb4a4961eddeded48ca1a8c3a2fd0d89e586446d5","","0","0.4444","1241.115876","0.00854000055242336","23.8504281428024","2638.81","","","Public Claim",""
"0x82758a3638ad8a41f636a69dfb77f59c46a45368f9797ea8bc84cd8c71165a64","14257761","1645558476","2022-02-22 19:34:36","0x849bf0f2f0d2630b66f1f94ca03a861f4d56c274","0x90d4ffbf13bf3203940e6dace392f7c23ff6b9ed","","0","0.0175","48.873825","0.019210178525978298","53.6499944855669","2638.81","","","White List Mint",""
"0x3c025e13d63e38ae06cf3065a2fffc52fd8a0d364ad8bfd13c46620daf67b70b","14257868","1645559908","2022-02-22 19:58:28","0x849bf0f2f0d2630b66f1f94ca03a861f4d56c274","0xdab681d7f3536cd47abd4f6183922da5037a22d5","","0","0.2","558.558","0.002562","7.15512798","2638.81","","","Transfer",""
"0xc87287e0d30db4314068fc0d2ea9ba479a312dd4ccd0d10162c7245b6928d6ef","14258433","1645567473","2022-02-22 22:04:33","0x849bf0f2f0d2630b66f1f94ca03a861f4d56c274","0x3845badade8e6dff049820680d1f14bd3903a5d0","","0","0","0","0.083331655039000762","232.727812876371","2638.81","","","Approve And Call",""
"0x73c7f31b02e568b8358d75b7a89b52825b2335b6ac782b574f3ff116946a68f6","14258551","1645568935","2022-02-22 22:28:55","0xdab681d7f3536cd47abd4f6183922da5037a22d5","0x849bf0f2f0d2630b66f1f94ca03a861f4d56c274","","19.159718203984884796","0","53509.0694029069","0.005031786274179","14.0527223886644","2638.81","","","Transfer",""
"0x20a363a457bfd99ed6258effc648b165db1757d22e639d59f1c03c169f8e4a71","14258601","1645569559","2022-02-22 22:39:19","0x849bf0f2f0d2630b66f1f94ca03a861f4d56c274","0x7f268357a8c2552623316e2562d90e642bb538e5","","0","1.58","4412.6082","0.04712867820529592","131.620501204968","2638.81","","","Atomic Match_",""
"0xb2d0724024ff8335564a65c234ee2596a1a00e65c21f33758800b23e9f68c421","14258689","1645570530","2022-02-22 22:55:30","0x849bf0f2f0d2630b66f1f94ca03a861f4d56c274","0x7f268357a8c2552623316e2562d90e642bb538e5","","0","1.65","4608.1035","0.030241940849388126","84.4593899847627","2638.81","","","Atomic Match_",""
"0x068fc3c7209e5b7be4016bd03c9c971bbe840cb09b9e0ef69c07ccf2bb201dfc","14258696","1645570666","2022-02-22 22:57:46","0x849bf0f2f0d2630b66f1f94ca03a861f4d56c274","0x849bf0f2f0d2630b66f1f94ca03a861f4d56c274","","0","0","0","0.003398357634924","9.4908992192394","2638.81","","","Transfer",""
"0x51734c44b8f3ef8ffae6458cf1a15b358c1a66cea43d26ae63d1398a79c7c844","14258725","1645570992","2022-02-22 23:03:12","0x849bf0f2f0d2630b66f1f94ca03a861f4d56c274","0xdab681d7f3536cd47abd4f6183922da5037a22d5","","0","8","22342.32","0.003038973070266","8.48721360090818","2638.81","","","Transfer",""
"0x3ac7734d2c0d3d50b7427934b384d1b35543b8fb11c22b437de620cfad0a68eb","14258798","1645571847","2022-02-22 23:17:27","0x849bf0f2f0d2630b66f1f94ca03a861f4d56c274","0x7f268357a8c2552623316e2562d90e642bb538e5","","0","2.39","6674.7681","0.0415078082960814","115.922591931213","2638.81","","","Atomic Match_",""
"0xa0c7df4da11f848102512d169e26322417d62451066bd234eb1f49978cbdbbd0","14258858","1645572535","2022-02-22 23:28:55","0x849bf0f2f0d2630b66f1f94ca03a861f4d56c274","0xc02aaa39b223fe8d0a0e5c4f27ead9083c756cc2","","0","2.5","6981.975","0.004281065181400014","11.9561160279621","2638.81","","","Deposit",""
"0xb56de3550820143318883bf08743b30d6946ba8babe5659bd134284ba4ea8050","14258860","1645572572","2022-02-22 23:29:32","0x849bf0f2f0d2630b66f1f94ca03a861f4d56c274","0xc02aaa39b223fe8d0a0e5c4f27ead9083c756cc2","","0","0","0","0.005512565415575352","15.3954375669647","2638.81","","","Approve",""
"0x4bddfbe8b75ab239b306c38969366dd2df4d4c2366f1af3042e1322834458736","14258910","1645573173","2022-02-22 23:39:33","0x849bf0f2f0d2630b66f1f94ca03a861f4d56c274","0x7f268357a8c2552623316e2562d90e642bb538e5","","0","0","0","0.007858894153302738","21.9482410024024","2638.81","","","Cancel Order_",""
"0xa976911b12af98b0a54bd909c0f353a4aa17126a90b88ace4c7fee1075888aad","14259090","1645575741","2022-02-23 00:22:21","0x849bf0f2f0d2630b66f1f94ca03a861f4d56c274","0x7f268357a8c2552623316e2562d90e642bb538e5","","0","1.99","5557.6521","0.02197315095114969","61.3663962448613","2580.97","","","Atomic Match_",""
"0xcd04381696897c4f0ef6e963fb0402d8b26e3030f584ea2fc4bc696e44758b31","14259144","1645576258","2022-02-23 00:30:58","0x849bf0f2f0d2630b66f1f94ca03a861f4d56c274","0x7f268357a8c2552623316e2562d90e642bb538e5","","0","1.72","4803.5988","0.034592701","96.61014942579","2580.97","","","Atomic Match_",""
"0x725706ec9a03aeee6883d58802201a81170895f56d5b568a8a7ed50304b7f95b","14259152","1645576399","2022-02-23 00:33:19","0x849bf0f2f0d2630b66f1f94ca03a861f4d56c274","0xc02aaa39b223fe8d0a0e5c4f27ead9083c756cc2","","0","0","0","0.00362985547963962","10.1374240849827","2580.97","","","Withdraw",""
"0x4a93232ea2817a935db390014cf452b8204f84930bfe3260e6d267b85b77a25a","14259333","1645579070","2022-02-23 01:17:50","0x849bf0f2f0d2630b66f1f94ca03a861f4d56c274","0x960b7a6bcd451c9968473f7bbfd9be826efd549a","","0","0","0","0.004339626856389636","12.1196664882564","2580.97","","","Set Approval For All",""
"0x024979d9207014d7606828e93b995a068d386dd63670e8bc6607fbd313dcb72d","14259469","1645580834","2022-02-23 01:47:14","0x849bf0f2f0d2630b66f1f94ca03a861f4d56c274","0x0c2e57efddba8c768147d1fdf9176a0a6ebd5d83","","0","0","0","0.00304476554181255","8.50339075751867","2580.97","","","Set Approval For All",""
"0x43378b7a795506795020bc22dd20c190159723e83b754cd57799a44fd8f0d388","14259648","1645582925","2022-02-23 02:22:05","0x849bf0f2f0d2630b66f1f94ca03a861f4d56c274","0x7f268357a8c2552623316e2562d90e642bb538e5","","0","1.7","4747.743","0.014566992215854685","40.6825501905168","2580.97","","","Atomic Match_",""
"0x48854971e2a6ea3682a66338323cf4aa44703ca1e25a9bad31a55fe17a9a965e","14259653","1645582968","2022-02-23 02:22:48","0xdab681d7f3536cd47abd4f6183922da5037a22d5","0x849bf0f2f0d2630b66f1f94ca03a861f4d56c274","","0.99764941738828","0","2786.22531638781","0.001275593086698","3.56246361659931","2580.97","","","Transfer",""
"0xe4bf4f62896fc3684975871e974150707f9c9db4876728fac18081f5f6d92586","14259704","1645583698","2022-02-23 02:34:58","0x849bf0f2f0d2630b66f1f94ca03a861f4d56c274","0x7f268357a8c2552623316e2562d90e642bb538e5","","0","1.4","3909.906","0.008819624","24.63135771096","2580.97","Error(0)","Reverted","Atomic Match_",""
"0x079c01ba4ba5dfb2be0dd539bbf31810b21bb783a2acfbb1cb186d9fb61eee27","14260205","1645590747","2022-02-23 04:32:27","0xe2b5942e014215eb42ecd00d5779a039418cf51f","0x849bf0f2f0d2630b66f1f94ca03a861f4d56c274","","2.696455444282047013","0","7530.63380023646","0.002399735308425","6.70195677201626","2580.97","","","Transfer",""
"0xb415e8809b3a2d64f49a2c1a8ff23bcfceed595b722bb61c39be268972bf0442","14260221","1645590970","2022-02-23 04:36:10","0x849bf0f2f0d2630b66f1f94ca03a861f4d56c274","0x7f268357a8c2552623316e2562d90e642bb538e5","","0","1.98","5529.7242","0.034830432","97.27408218528","2580.97","","","Atomic Match_",""
"0x2257e16ca3695cc9b39cee31ac5fa99ebd102a4bdf91eb0bfe86183d88714521","14260233","1645591066","2022-02-23 04:37:46","0x6025bfadb97ae4411d67b5fa8d1fc97c9602ed2c","0x849bf0f2f0d2630b66f1f94ca03a861f4d56c274","","1.65","0","4608.1035","0.00109183195611","3.04925736870445","2580.97","","","Transfer",""
"0x894a1bba33d66f261b7ea0cfc2f5542ed93008b3a67e81724154b22e9b62032e","14264927","1645653624","2022-02-23 22:00:24","0x849bf0f2f0d2630b66f1f94ca03a861f4d56c274","0x59468516a8259058bad1ca5f8f4bff190d30e066","","0","0.25","698.1975","0.1314038","366.983218602","2580.97","","","Mint Listed",""
"0xe6a2a87f7c92337c7f285bbb74a6ab421f0de6e1c5925e64fccbf47295608eae","14265358","1645659187","2022-02-23 23:33:07","0x849bf0f2f0d2630b66f1f94ca03a861f4d56c274","0x7f268357a8c2552623316e2562d90e642bb538e5","","0","1.65","4608.1035","0.023186166","64.75409254314","2580.97","","","Atomic Match_",""
"0xb29a86e81e461c03060526e602e4229849879b2470bcf83bd9fa630194db0743","14265365","1645659295","2022-02-23 23:34:55","0xe2b5942e014215eb42ecd00d5779a039418cf51f","0x849bf0f2f0d2630b66f1f94ca03a861f4d56c274","","9","0","25135.11","0.00231","6.4513449","2580.97","","","Transfer",""
"0x8781b1869556e460d67f837ec6817abc364bf58cec7ec76dcb33884ff3a38d5a","14265428","1645660185","2022-02-23 23:49:45","0x849bf0f2f0d2630b66f1f94ca03a861f4d56c274","0x7f268357a8c2552623316e2562d90e642bb538e5","","0","1.88","5250.4452","0.024482176154419441","68.3735767423011","2580.97","","","Atomic Match_",""
"0xbc475c16ac7be8b8005e94c5bb764ee54b46f2113564bb0d165d8399ae887ca1","14265471","1645660797","2022-02-23 23:59:57","0x849bf0f2f0d2630b66f1f94ca03a861f4d56c274","0x7f268357a8c2552623316e2562d90e642bb538e5","","0","1.94","5418.0126","0.019788582171468607","55.2653544026558","2580.97","","","Atomic Match_",""
"0x916cf7aa149e4ea8e25de05419164244625e9906ba8a752c1e2e562db6487871","14272046","1645748371","2022-02-25 00:19:31","0x849bf0f2f0d2630b66f1f94ca03a861f4d56c274","0x7f268357a8c2552623316e2562d90e642bb538e5","","0","1.74","4859.4546","0.01319401889092672","36.8481240183912","2769.00","","","Atomic Match_",""
"0xaf602f6bf9f01b485543be7e18481200e2127258710051b9b7514a56b3b7ed1c","14276665","1645810890","2022-02-25 17:41:30","0x849bf0f2f0d2630b66f1f94ca03a861f4d56c274","0xb4d06d46a8285f4ec79fd294f78a881799d8ced9","","0","0","0","0.002395692620188463","6.69066639273614","2769.00","","","Set Approval For All",""
"0x74f6f4c95355116bfa5f0afc636359b5360b249c0fee22fb7683ec9086d06870","14277234","1645818361","2022-02-25 19:46:01","0x849bf0f2f0d2630b66f1f94ca03a861f4d56c274","0x5cd2fac9702d68dde5a94b1af95962bcfb80fc7d","","0","0","0","0.002961396891696433","8.27055962516088","2769.00","","","Claim Reward",""
"0x53f3814b83b68d41b7ad763d1cf73f361f5b6be92315ce11312008077978ee04","14277363","1645819961","2022-02-25 20:12:41","0x849bf0f2f0d2630b66f1f94ca03a861f4d56c274","0x40cf6a63c35b6886421988871f6b74cc86309940","","0","0.39","1089.1881","0.017947888868226304","50.1246845522937","2769.00","Error(0)","Reverted","Awoo O Ooooo Ooo",""
"0x9aef2e1a2db120dabff3a41056fbd695a96a40dc2c77858009252297c5a236fa","14277811","1645825871","2022-02-25 21:51:11","0x849bf0f2f0d2630b66f1f94ca03a861f4d56c274","0x32973908faee0bf825a343000fe412ebe56f802a","","0","0","0","0.003987609090505434","11.1365547918727","2769.00","","","Set Approval For All",""
"0x9832e9b33197c40a50bb3f0efe4559e8a4c63ef0085ebf40247368254e133530","14277813","1645825922","2022-02-25 21:52:02","0x849bf0f2f0d2630b66f1f94ca03a861f4d56c274","0x42546fb6c6eaeb9863997e236d12eab296ae003e","","0","0","0","0.014497224594416882","40.4877038750415","2769.00","","","Proxy Assert",""
"0x4dde8e69a38f227957eae619d1f038e8bcc14558cf818d6e7825b8e6be04a2c9","14278004","1645828486","2022-02-25 22:34:46","0x849bf0f2f0d2630b66f1f94ca03a861f4d56c274","0x7f268357a8c2552623316e2562d90e642bb538e5","","0","0.7","1954.953","0.017678449227049424","49.3721962168114","2769.00","","","Atomic Match_",""
"0xd7b5be659895cc9b71486d26028979584c98427979903d9bf0c7627d0d4f6215","14278174","1645830772","2022-02-25 23:12:52","0x849bf0f2f0d2630b66f1f94ca03a861f4d56c274","0x7f268357a8c2552623316e2562d90e642bb538e5","","0","0.8","2234.232","0.012369161991335865","34.5444719177829","2769.00","","","Atomic Match_",""
"0xb1881b1fb143ac83bf0edb742d205ac06e9bb0aa61f215ea0bd0bdea52606ca2","14278294","1645832370","2022-02-25 23:39:30","0x849bf0f2f0d2630b66f1f94ca03a861f4d56c274","0x7f268357a8c2552623316e2562d90e642bb538e5","","0","1.289","3599.90631","0.015064944709321458","42.0732269347459","2769.00","","","Atomic Match_",""
"0x4df717f68d1dbb409531f14dc3eb848cbafefb7e222772919f76d9da599f6764","14278350","1645833152","2022-02-25 23:52:32","0x849bf0f2f0d2630b66f1f94ca03a861f4d56c274","0x7f268357a8c2552623316e2562d90e642bb538e5","","0","0.62","1731.5298","0.011680877657755686","32.6222383138035","2769.00","","","Atomic Match_",""
"0xbfea3f66fff69a03d62450b9577273e72c3fd7c147277b1cf971cf40582f37da","14278432","1645834157","2022-02-26 00:09:17","0x849bf0f2f0d2630b66f1f94ca03a861f4d56c274","0x7f268357a8c2552623316e2562d90e642bb538e5","","0","0.65","1815.3135","0.008425307765094304","23.5301152732777","","","","Atomic Match_",""
"0x474c9c2eb60f42e1163f605285c8d3d75b933779bbcedc9143724c34f1133bf4","14278440","1645834312","2022-02-26 00:11:52","0x849bf0f2f0d2630b66f1f94ca03a861f4d56c274","0x7f268357a8c2552623316e2562d90e642bb538e5","","0","0.6","1675.674","0.010041028455157857","28.0424838592803","","","","Atomic Match_",""
"0x7a795d96ec4423a50744fb672a97ef8176f6ed7d00789d300becc7bbe54d9264","14278478","1645834866","2022-02-26 00:21:06","0x849bf0f2f0d2630b66f1f94ca03a861f4d56c274","0x7f268357a8c2552623316e2562d90e642bb538e5","","0","0.59","1647.7461","0.009425529420275115","26.3235243096501","","","","Atomic Match_",""
"0x3f9c2f708eb14353c3d799b19588834cec7367596e25a901772bae26ece01fa6","14278507","1645835297","2022-02-26 00:28:17","0x849bf0f2f0d2630b66f1f94ca03a861f4d56c274","0x7f268357a8c2552623316e2562d90e642bb538e5","","0","0.6","1675.674","0.004131189488780144","11.5375446923703","","Error(0)","Reverted","Atomic Match_",""
"0xc8763720ef2e799be0ec10e40880422743d82162da1b9caffb1eb0fef39daca1","14278825","1645839552","2022-02-26 01:39:12","0x849bf0f2f0d2630b66f1f94ca03a861f4d56c274","0x7f268357a8c2552623316e2562d90e642bb538e5","","0","0.6","1675.674","0.019246065","53.75021787135","","","","Atomic Match_",""
"0xe254e22f007c10cfee89d58b6912c924cd1f01e681a3f70620b7592971bf2935","14278912","1645840712","2022-02-26 01:58:32","0x849bf0f2f0d2630b66f1f94ca03a861f4d56c274","0xc7df86762ba83f2a6197e1ff9bb40ae0f696b9e6","","0","0","0","0.002655945969984176","7.41749934551211","","","","Set Approval For All",""
"0xf05f41a841d82b8e273de2d98c54ca86374a1d43f7404fa7190030cef319ee43","14278967","1645841637","2022-02-26 02:13:57","0x849bf0f2f0d2630b66f1f94ca03a861f4d56c274","0x7f268357a8c2552623316e2562d90e642bb538e5","","0","0","0","0.005801354460008562","16.2019647223673","","","","Cancel Order_",""
